employeeID,orderID
1,10258
1,10270
1,10275
1,10285
1,10292
1,10293
1,10304
1,10306
1,10311
1,10314
1,10316
1,10325
1,10340
1,10351
1,10357
1,10361
1,10364
1,10371
1,10374
1,10376
1,10377
1,10385
1,10387
1,10393
1,10394
1,10396
1,10400
1,10401
1,10405
1,10453
1,10461
1,10465
1,10469
1,10473
1,10482
1,10486
1,10508
1,10524
1,10525
1,10537
1,10542
1,10546
1,10558
1,10562
1,10567
1,10579
1,10587
1,10591
1,10598
1,10604
1,10605
1,10612
1,10616
1,10618
1,10626
1,10630
1,10653
1,10655
1,10664
1,10665
1,10668
1,10671
1,10677
1,10680
1,10689
1,10690
1,10709
1,10710
1,10713
1,10717
1,10718
1,10733
1,10743
1,10746
1,10773
1,10776
1,10785
1,10788
1,10789
1,10792
1,10800
1,10813
1,10821
1,10825
1,10827
1,10834
1,10835
1,10842
1,10850
1,10859
1,10877
1,10886
1,10888
1,10894
1,10900
1,10902
1,10909
1,10910
1,10916
1,10921
1,10928
1,10946
1,10950
1,10952
1,10968
1,10969
1,10975
1,10976
1,10981
1,10984
1,10991
1,10992
1,10995
1,11012
1,11023
1,11027
1,11038
1,11039
1,11064
1,11067
1,11069
1,11071
1,11077
2,10265
2,10277
2,10280
2,10295
2,10300
2,10307
2,10312
2,10313
2,10327
2,10339
2,10345
2,10368
2,10379
2,10388
2,10392
2,10398
2,10404
2,10407
2,10414
2,10422
2,10457
2,10462
2,10471
2,10478
2,10487
2,10502
2,10515
2,10516
2,10541
2,10552
2,10553
2,10556
2,10561
2,10563
2,10583
2,10588
2,10595
2,10615
2,10620
2,10657
2,10663
2,10669
2,10673
2,10676
2,10683
2,10686
2,10691
2,10727
2,10734
2,10737
2,10738
2,10752
2,10780
2,10781
2,10787
2,10798
2,10805
2,10808
2,10810
2,10815
2,10819
2,10832
2,10846
2,10858
2,10865
2,10912
2,10915
2,10919
2,10939
2,10949
2,10967
2,10971
2,10982
2,10983
2,10985
2,10989
2,10990
2,10994
2,11000
2,11001
2,11005
2,11009
2,11010
2,11013
2,11014
2,11015
2,11020
2,11028
2,11032
2,11035
2,11042
2,11053
2,11059
2,11060
2,11070
2,11073
3,10251
3,10253
3,10256
3,10266
3,10273
3,10283
3,10309
3,10321
3,10330
3,10332
3,10346
3,10352
3,10362
3,10365
3,10375
3,10381
3,10384
3,10391
3,10409
3,10410
3,10413
3,10415
3,10420
3,10429
3,10432
3,10433
3,10434
3,10436
3,10438
3,10441
3,10442
3,10444
3,10445
3,10449
3,10468
3,10479
3,10484
3,10492
3,10495
3,10505
3,10514
3,10517
3,10530
3,10536
3,10540
3,10547
3,10548
3,10568
3,10570
3,10572
3,10576
3,10581
3,10582
3,10592
3,10594
3,10619
3,10625
3,10638
3,10644
3,10662
3,10681
3,10682
3,10684
3,10693
3,10697
3,10699
3,10700
3,10712
3,10715
3,10723
3,10732
3,10739
3,10742
3,10748
3,10751
3,10753
3,10758
3,10759
3,10762
3,10763
3,10765
3,10768
3,10769
3,10772
3,10778
3,10779
3,10793
3,10796
3,10806
3,10814
3,10817
3,10820
3,10831
3,10838
3,10839
3,10854
3,10855
3,10856
3,10860
3,10879
3,10895
3,10897
3,10903
3,10904
3,10911
3,10918
3,10924
3,10925
3,10934
3,10936
3,10938
3,10947
3,10948
3,10960
3,10964
3,10974
3,10988
3,11003
3,11004
3,11006
3,11011
3,11021
3,11041
3,11049
3,11052
3,11057
3,11063
4,10250
4,10252
4,10257
4,10259
4,10260
4,10261
4,10267
4,10281
4,10282
4,10284
4,10288
4,10294
4,10299
4,10302
4,10315
4,10323
4,10326
4,10328
4,10329
4,10337
4,10338
4,10342
4,10343
4,10344
4,10347
4,10348
4,10360
4,10363
4,10373
4,10382
4,10389
4,10403
4,10417
4,10418
4,10419
4,10426
4,10427
4,10430
4,10431
4,10440
4,10447
4,10448
4,10451
4,10454
4,10459
4,10464
4,10466
4,10470
4,10485
4,10493
4,10494
4,10499
4,10504
4,10509
4,10511
4,10518
4,10522
4,10526
4,10535
4,10544
4,10551
4,10554
4,10564
4,10574
4,10578
4,10580
4,10584
4,10590
4,10600
4,10606
4,10608
4,10613
4,10617
4,10621
4,10622
4,10624
4,10628
4,10629
4,10634
4,10636
4,10640
4,10641
4,10645
4,10647
4,10652
4,10658
4,10670
4,10674
4,10685
4,10688
4,10692
4,10698
4,10702
4,10707
4,10716
4,10725
4,10726
4,10728
4,10740
4,10741
4,10749
4,10755
4,10760
4,10766
4,10767
4,10774
4,10783
4,10784
4,10801
4,10802
4,10803
4,10807
4,10816
4,10830
4,10840
4,10843
4,10847
4,10861
4,10863
4,10864
4,10873
4,10875
4,10878
4,10881
4,10882
4,10884
4,10892
4,10898
4,10901
4,10906
4,10908
4,10913
4,10917
4,10920
4,10926
4,10927
4,10930
4,10931
4,10935
4,10943
4,10945
4,10966
4,10972
4,10980
4,10996
4,11002
4,11018
4,11024
4,11026
4,11029
4,11040
4,11044
4,11061
4,11062
4,11072
4,11076
5,10248
5,10254
5,10269
5,10297
5,10320
5,10333
5,10358
5,10359
5,10372
5,10378
5,10397
5,10463
5,10474
5,10477
5,10529
5,10549
5,10569
5,10575
5,10607
5,10648
5,10649
5,10650
5,10654
5,10675
5,10711
5,10714
5,10721
5,10730
5,10761
5,10812
5,10823
5,10841
5,10851
5,10866
5,10869
5,10870
5,10872
5,10874
5,10899
5,10922
5,10954
5,11043
6,10249
6,10264
6,10271
6,10272
6,10274
6,10291
6,10296
6,10298
6,10317
6,10350
6,10355
6,10356
6,10370
6,10390
6,10395
6,10423
6,10425
6,10439
6,10446
6,10480
6,10489
6,10500
6,10503
6,10510
6,10519
6,10528
6,10539
6,10555
6,10559
6,10599
6,10611
6,10637
6,10643
6,10656
6,10701
6,10703
6,10704
6,10708
6,10735
6,10744
6,10747
6,10754
6,10757
6,10764
6,10790
6,10791
6,10794
6,10804
6,10822
6,10826
6,10833
6,10867
6,10885
6,10907
6,10914
6,10929
6,10933
6,10944
6,10956
6,10959
6,10965
6,10973
6,10999
6,11019
6,11025
6,11031
6,11045
7,10289
7,10303
7,10308
7,10319
7,10322
7,10335
7,10336
7,10341
7,10349
7,10353
7,10367
7,10406
7,10424
7,10428
7,10458
7,10483
7,10490
7,10496
7,10497
7,10507
7,10512
7,10513
7,10520
7,10523
7,10527
7,10531
7,10532
7,10550
7,10573
7,10585
7,10593
7,10597
7,10601
7,10609
7,10633
7,10639
7,10642
7,10659
7,10661
7,10666
7,10667
7,10678
7,10695
7,10731
7,10775
7,10777
7,10797
7,10809
7,10818
7,10836
7,10848
7,10868
7,10876
7,10880
7,10890
7,10891
7,10896
7,10923
7,10937
7,10941
7,10958
7,10993
7,11008
7,11030
7,11033
7,11037
7,11047
7,11048
7,11051
7,11055
7,11066
7,11074
8,10262
8,10268
8,10276
8,10278
8,10279
8,10286
8,10287
8,10290
8,10301
8,10305
8,10310
8,10318
8,10334
8,10354
8,10366
8,10369
8,10380
8,10383
8,10399
8,10402
8,10408
8,10412
8,10416
8,10421
8,10435
8,10437
8,10443
8,10450
8,10452
8,10455
8,10456
8,10460
8,10467
8,10472
8,10476
8,10481
8,10488
8,10491
8,10498
8,10521
8,10533
8,10534
8,10543
8,10545
8,10560
8,10565
8,10571
8,10589
8,10596
8,10602
8,10603
8,10610
8,10614
8,10623
8,10627
8,10631
8,10632
8,10635
8,10651
8,10660
8,10679
8,10694
8,10696
8,10706
8,10719
8,10720
8,10722
8,10724
8,10729
8,10756
8,10770
8,10786
8,10795
8,10811
8,10824
8,10844
8,10845
8,10852
8,10857
8,10862
8,10883
8,10887
8,10932
8,10940
8,10955
8,10957
8,10961
8,10962
8,10977
8,10979
8,10986
8,10987
8,10997
8,10998
8,11007
8,11034
8,11036
8,11046
8,11050
8,11054
8,11056
8,11065
8,11068
8,11075
9,10255
9,10263
9,10324
9,10331
9,10386
9,10411
9,10475
9,10501
9,10506
9,10538
9,10557
9,10566
9,10577
9,10586
9,10646
9,10672
9,10687
9,10705
9,10736
9,10745
9,10750
9,10771
9,10782
9,10799
9,10828
9,10829
9,10837
9,10849
9,10853
9,10871
9,10889
9,10893
9,10905
9,10942
9,10951
9,10953
9,10963
9,10970
9,10978
9,11016
9,11017
9,11022
9,11058